{
  "alpha": 0.1,
  "gamma": 0.95,
  "exploration_scale": 2.0,
  "total_updates": 15291,
  "q_table": {
    "(0, 0, 0, 0, 0)": {
      "planner": 0.038000000000000006,
      "coder": 8.482527785150682,
      "tester": 0.0,
      "debugger": 0.0
    },
    "(1, 0, 0, 0, 1)": {
      "planner": -0.07769000000000001,
      "coder": 0.02,
      "tester": 0.0,
      "debugger": 0.0
    },
    "(1, 0, 0, 0, 2)": {
      "planner": -0.030000000000000006,
      "coder": 0.08844500000000001,
      "tester": 0.0,
      "debugger": 0.0
    },
    "(1, 1, 0, 0, 3)": {
      "planner": -0.537,
      "coder": -0.519,
      "tester": 4.367699190000001,
      "debugger": 0.0
    },
    "(1, 1, 0, 0, 2)": {
      "planner": 0.0,
      "coder": -0.010000000000000002,
      "tester": 0.0,
      "debugger": 0.0
    },
    "(0, 1, 1, 0, 1)": {
      "planner": 0.036047797500000006,
      "coder": -0.010000000000000002,
      "tester": 7.0896894742950165,
      "debugger": -0.010000000000000002
    },
    "(0, 1, 1, 0, 2)": {
      "planner": 0.05726836477512501,
      "coder": -0.026870302399936756,
      "tester": -0.010000000000000002,
      "debugger": 6.632942018153735
    },
    "(0, 1, 0, 0, 3)": {
      "planner": 0.010000000000000002,
      "coder": 0.0,
      "tester": 8.865373174777044,
      "debugger": 0.0
    },
    "(1, 0, 0, 0, 3)": {
      "planner": 0.0,
      "coder": 0.02,
      "tester": 0.0,
      "debugger": 0.0
    },
    "(0, 1, 0, 0, 1)": {
      "planner": 0.0,
      "coder": 0.0,
      "tester": 9.820803836467817,
      "debugger": 0.0
    },
    "(0, 1, 1, 0, 3)": {
      "planner": -0.5382392276342265,
      "coder": -0.51,
      "tester": -0.536865225,
      "debugger": 1.0341975137288928
    },
    "(1, 1, 1, 0, 2)": {
      "planner": 0.0,
      "coder": 0.0,
      "tester": -0.010000000000000002,
      "debugger": 0.1794505
    },
    "(1, 1, 1, 0, 3)": {
      "planner": -0.581830710243,
      "coder": -0.4584526538999999,
      "tester": -0.9690000000000001,
      "debugger": -0.51
    },
    "(0, 1, 0, 0, 2)": {
      "planner": 0.30164990500000005,
      "coder": 0.0,
      "tester": 9.835485839544923,
      "debugger": 0.0
    }
  },
  "ts_alpha": {
    "(0, 0, 0, 0, 0)": {
      "planner": 1.0,
      "coder": 1.0,
      "tester": 1.0,
      "debugger": 1.0
    },
    "(1, 0, 0, 0, 1)": {
      "planner": 1.0,
      "coder": 1.0,
      "tester": 1.0,
      "debugger": 1.0
    },
    "(1, 0, 0, 0, 2)": {
      "planner": 1.0,
      "coder": 1.0,
      "tester": 1.0,
      "debugger": 1.0
    },
    "(1, 1, 0, 0, 3)": {
      "planner": 1.0,
      "coder": 1.0,
      "tester": 6.96,
      "debugger": 1.0
    },
    "(1, 1, 0, 0, 2)": {
      "planner": 1.0,
      "coder": 1.0,
      "tester": 1.0,
      "debugger": 1.0
    },
    "(0, 1, 1, 0, 1)": {
      "planner": 1.0,
      "coder": 1.0,
      "tester": 403.300000000002,
      "debugger": 1.0
    },
    "(0, 1, 1, 0, 2)": {
      "planner": 1.0,
      "coder": 1.0,
      "tester": 1.0,
      "debugger": 1.0
    },
    "(0, 1, 0, 0, 3)": {
      "planner": 1.0,
      "coder": 1.0,
      "tester": 1706.5533333333433,
      "debugger": 1.0
    },
    "(1, 0, 0, 0, 3)": {
      "planner": 1.0,
      "coder": 1.0,
      "tester": 1.0,
      "debugger": 1.0
    },
    "(0, 1, 0, 0, 1)": {
      "planner": 1.0,
      "coder": 1.0,
      "tester": 2269.7733333333467,
      "debugger": 1.0
    },
    "(0, 1, 1, 0, 3)": {
      "planner": 1.0,
      "coder": 1.0,
      "tester": 1.0,
      "debugger": 1.0
    },
    "(1, 1, 1, 0, 2)": {
      "planner": 1.0,
      "coder": 1.0,
      "tester": 1.0,
      "debugger": 1.0
    },
    "(1, 1, 1, 0, 3)": {
      "planner": 1.0,
      "coder": 1.0,
      "tester": 1.0,
      "debugger": 1.0
    },
    "(0, 1, 0, 0, 2)": {
      "planner": 1.0,
      "coder": 1.0,
      "tester": 233.440000000001,
      "debugger": 1.0
    }
  },
  "ts_beta": {
    "(0, 0, 0, 0, 0)": {
      "planner": 3.6400000000000006,
      "coder": 3265.053333333182,
      "tester": 1.0,
      "debugger": 1.0
    },
    "(1, 0, 0, 0, 1)": {
      "planner": 3.0599999999999996,
      "coder": 1.6533333333333333,
      "tester": 1.0,
      "debugger": 1.0
    },
    "(1, 0, 0, 0, 2)": {
      "planner": 1.6866666666666665,
      "coder": 2.3066666666666666,
      "tester": 1.0,
      "debugger": 1.0
    },
    "(1, 1, 0, 0, 3)": {
      "planner": 2.6866666666666665,
      "coder": 2.6733333333333333,
      "tester": 2.0,
      "debugger": 1.0
    },
    "(1, 1, 0, 0, 2)": {
      "planner": 1.0,
      "coder": 1.6733333333333333,
      "tester": 1.0,
      "debugger": 1.0
    },
    "(0, 1, 1, 0, 1)": {
      "planner": 2.3200000000000003,
      "coder": 1.6733333333333333,
      "tester": 1379.3133333333437,
      "debugger": 1.6733333333333333
    },
    "(0, 1, 1, 0, 2)": {
      "planner": 4.300000000000001,
      "coder": 3.02,
      "tester": 1.6733333333333333,
      "debugger": 1332.3000000000209
    },
    "(0, 1, 0, 0, 3)": {
      "planner": 1.6600000000000001,
      "coder": 1.0,
      "tester": 136.12666666666667,
      "debugger": 1.0
    },
    "(1, 0, 0, 0, 3)": {
      "planner": 1.0,
      "coder": 1.6533333333333333,
      "tester": 1.0,
      "debugger": 1.0
    },
    "(0, 1, 0, 0, 1)": {
      "planner": 1.0,
      "coder": 1.0,
      "tester": 173.373333333334,
      "debugger": 1.0
    },
    "(0, 1, 1, 0, 3)": {
      "planner": 3.3200000000000003,
      "coder": 2.0,
      "tester": 4.02,
      "debugger": 789.7266666666587
    },
    "(1, 1, 1, 0, 2)": {
      "planner": 1.0,
      "coder": 1.0,
      "tester": 1.6733333333333333,
      "debugger": 1.64
    },
    "(1, 1, 1, 0, 3)": {
      "planner": 4.746666666666666,
      "coder": 4.346666666666667,
      "tester": 3.0,
      "debugger": 2.0
    },
    "(0, 1, 0, 0, 2)": {
      "planner": 1.6600000000000001,
      "coder": 1.0,
      "tester": 15.140000000000008,
      "debugger": 1.0
    }
  }
}